<?xml version="1.0" encoding="UTF-8" standalone="yes"?>
<addon id="repository.cybersiddhu" name="cyberkodi" version="0.0.1" provider-name="cybersiddhu">
	<extension point="xbmc.addon.repository" name="cyberkodi">
		<dir>
			<info compressed="false">https://raw.githubusercontent.com/totalrevolution/python-koding/master/zips/addons.xml</info>
			<checksum>https://raw.githubusercontent.com/totalrevolution/python-koding/master/zips/addons.xml.md5</checksum>
			<datadir zip="true">https://raw.githubusercontent.com/totalrevolution/python-koding/master/zips/</datadir>
		</dir>
		<info compressed="false">https://raw.githubusercontent.com/cybersiddhu/repository.cybersiddhu/master/zips/addons.xml</info>
		<checksum>https://raw.githubusercontent.com/cybersiddhu/repository.cybersiddhu/master/zips/addons.xml.md5</checksum>
		<datadir zip="true">https://raw.githubusercontent.com/cybersiddhu/repository.cybersiddhu/master/zips/</datadir>
	</extension>
	<extension point="xbmc.addon.metadata">
		<summary lang="en">Test video repository</summary>
		<description lang="en">Video repository for testing</description>
		<genre>movies,tvshows,usa</genre>
	</extension>
</addon>